INSERT INTO one_login_user (id, created_date)
VALUES ('urn:fdc:gov.uk:2022:ABCDE', '09/13/24'),
       ('urn:fdc:gov.uk:2022:FGHIJ', '09/13/24'),
       ('urn:fdc:gov.uk:2022:KLMNO', '10/07/24'),
       ('urn:fdc:gov.uk:2022:UVWXY', '10/14/24'),
       ('urn:fdc:gov.uk:2022:PQRST', '10/09/24'),
       ('urn:fdc:gov.uk:2022:07lXHJeQwE0k5PZO7w_PQF425vT8T7e63MrvyPYNSoI', '10/07/24'),
       ('urn:fdc:gov.uk:2022:mwfvbb5GgiDh0acjz9EDDQ7zwskWZzUSnWfavL70f6s', '10/02/24'),
       ('urn:fdc:gov.uk:2022:mGHDySEVfCsvfvc6lVWf6Qt9Dv0ZxPQWKoEzcjnBlUo', '10/15/24'),
       ('urn:fdc:gov.uk:2022:n93slCXHsxJ9rU6-AFM0jFIctYQjYf0KN9YVuJT-cao', '10/15/24'),
       ('urn:fdc:gov.uk:2022:cgVX2oJWKHMwzm8Gzx25CSoVXixVS0rw32Sar4Om8vQ', '10/15/24'),
       ('urn:fdc:gov.uk:2022:A', '01/15/25'),
       ('urn:fdc:gov.uk:2022:B', '01/15/25'),
       ('urn:fdc:gov.uk:2022:C', '01/15/25'),
       ('urn:fdc:gov.uk:2022:D', '01/15/25'),
       ('urn:fdc:gov.uk:2022:E', '01/15/25'),
       ('urn:fdc:gov.uk:2022:F', '01/15/25'),
       ('urn:fdc:gov.uk:2022:G', '01/15/25'),
       ('urn:fdc:gov.uk:2022:H', '01/15/25'),
       ('urn:fdc:gov.uk:2022:I', '01/15/25'),
       ('urn:fdc:gov.uk:2022:J', '01/15/25'),
       ('urn:fdc:gov.uk:2022:K', '01/15/25'),
       ('urn:fdc:gov.uk:2022:L', '01/15/25'),
       ('urn:fdc:gov.uk:2022:M', '01/15/25'),
       ('urn:fdc:gov.uk:2022:N', '01/15/25'),
       ('urn:fdc:gov.uk:2022:O', '01/15/25'),
       ('urn:fdc:gov.uk:2022:P', '01/15/25'),
       ('urn:fdc:gov.uk:2022:Q', '01/15/25'),
       ('urn:fdc:gov.uk:2022:R', '01/15/25'),
       ('urn:fdc:gov.uk:2022:S', '01/15/25'),
       ('urn:fdc:gov.uk:2022:T', '01/15/25'),
       ('urn:fdc:gov.uk:2022:U', '01/15/25'),
       ('urn:fdc:gov.uk:2022:V', '01/15/25'),
       ('urn:fdc:gov.uk:2022:W', '01/15/25'),
       ('urn:fdc:gov.uk:2022:X', '01/15/25'),
       ('urn:fdc:gov.uk:2022:Y', '01/15/25'),
       ('urn:fdc:gov.uk:2022:Z', '01/15/25');

INSERT INTO local_authority_user (subject_identifier, is_manager, local_authority_id, created_date, last_modified_date,
                                  name, email, has_accepted_privacy_notice)
VALUES ('urn:fdc:gov.uk:2022:UVWXY', true, 1, '10/14/24', '10/14/24', 'Mock User', 'test@example.com', true);

INSERT INTO registration_number (id, created_date, number, type)
VALUES (1, '09/13/24', 2001001001, 1),
       (2, '09/13/24', 3002001002, 1),
       (3, '10/07/24', 4003001003, 1),
       (4, '10/14/24', 5004001004, 1),
       (5, '10/09/24', 6005001005, 1),
       (6, '12/10/24', 7006001006, 0),
       (7, '12/19/24', 8005001005, 1),
       (8, '01/15/25', 1001001001, 1),
       (9, '01/15/25', 1001001002, 1),
       (10, '01/15/25', 1001001003, 1),
       (11, '01/15/25', 1001001004, 1),
       (12, '01/15/25', 1001001005, 1),
       (13, '01/15/25', 1001001006, 1),
       (14, '01/15/25', 1001001007, 1),
       (15, '01/15/25', 1001001008, 1),
       (16, '01/15/25', 1001001009, 1),
       (17, '01/15/25', 1001001010, 1),
       (18, '01/15/25', 1001001011, 1),
       (19, '01/15/25', 1001001012, 1),
       (20, '01/15/25', 1001001013, 1),
       (21, '01/15/25', 1001001014, 1),
       (22, '01/15/25', 1001001015, 1),
       (23, '01/15/25', 1001001016, 1),
       (24, '01/15/25', 1001001017, 1),
       (25, '01/15/25', 1001001018, 1),
       (26, '01/15/25', 1001001019, 1),
       (27, '01/15/25', 1001001020, 1),
       (28, '01/15/25', 1001001021, 1),
       (29, '01/15/25', 1001001022, 1),
       (30, '01/15/25', 1001001023, 1),
       (31, '01/15/25', 1001001024, 1),
       (32, '01/15/25', 1001001025, 1),
       (33, '01/15/25', 100100106, 1),
       (34, '12/10/24', 0006001002, 0),
       (35, '12/10/24', 0006001003, 0),
       (36, '12/10/24', 0006001004, 0),
       (37, '12/10/24', 0006001005, 0),
       (38, '12/10/24', 0006001006, 0),
       (39, '02/02/25', 0006001007, 0),
       (40, '12/10/24', 0006001008, 0),
       (41, '12/10/24', 0006001009, 0),
       (42, '12/10/24', 0006001010, 0),
       (43, '12/10/24', 0006001011, 0),
       (44, '12/10/24', 0006001012, 0),
       (45, '12/10/24', 0006001013, 0),
       (46, '12/10/24', 0006001014, 0),
       (47, '12/10/24', 0006001015, 0),
       (48, '12/10/24', 0006001016, 0),
       (49, '12/10/24', 0006001017, 0),
       (50, '12/10/24', 0006001018, 0),
       (51, '12/10/24', 0006001019, 0),
       (52, '12/10/24', 0006001020, 0),
       (53, '12/10/24', 0006001021, 0),
       (54, '12/10/24', 0006001022, 0),
       (55, '12/10/24', 0006001023, 0),
       (56, '12/10/24', 0006001024, 0),
       (57, '12/10/24', 0006001025, 0),
       (58, '12/10/24', 0006001026, 0),
       (59, '12/10/24', 0006001027, 0),
       (60, '12/10/24', 0006001028, 0),
       (61, '12/10/24', 0006001029, 0),
       (62, '12/10/24', 0006001030, 0),
       (63, '12/10/24', 0006001031, 0),
       (64, '12/10/24', 0006001032, 0),
       (65, '12/10/24', 0006001033, 0);


INSERT INTO address (id, created_date, last_modified_date, uprn, single_line_address, local_authority_id, postcode)
VALUES (1, '09/13/24', '09/13/24', 1, '1 Fictional Road', 1, 'AA1 1AA'),
       (2, '09/13/24', '09/13/24', 2, '2 Fake Way', 1, 'AA1 1AB'),
       (3, '09/13/24', '09/13/24', 3, '3 Imaginary Street', 1, 'AA1 1AC'),
       (4, '09/13/24', '09/13/24', 4, '4 Pretend Crescent', 1, 'AA1 1AD'),
       (5, '09/13/24', '09/13/24', 5, '5 Mythical Place', 1, 'AA1 1AE'),
       (6, '12/10/2024', '12/10/2024', 1123456, '1, Example Road, EG', 1, 'EG1 1EG'),
       (7, '09/13/24', '09/13/24', 6, '2 Fictional Road', 1, 'AA1 1AF'),
       (8, '09/13/24', '09/13/24', 7, '3 Fake Way', 2, 'AA1 1AG'),
       (9, '09/13/24', '09/13/24', 8, '4 Imaginary Street', 1, 'AA1 1AH'),
       (10, '09/13/24', '09/13/24', 9, '5 Fake Crescent Way', 1, 'AA1 1AJ'),
       (11, '09/13/24', '09/13/24', 10, '6 Mythical Place', 1, 'AA1 1AK'),
       (12, '09/13/24', '09/13/24', null, '6 Mythical Place', 1, 'AA1 1AL'),
       (13, '05/02/25', '05/02/25', 1013, '1 PRSDB Square, EG1 2AA', 1, 'EG1 2AA'),
       (14, '05/02/25', '05/02/25', 1014, '2 PRSDB Square, EG1 2AB', 1, 'EG1 2AB'),
       (15, '05/02/25', '05/02/25', 1015, '3 PRSDB Square, EG1 2AC', 1, 'EG1 2AC'),
       (16, '05/02/25', '05/02/25', 1016, '4 PRSDB Square, EG1 2AD', 1, 'EG1 2AD'),
       (17, '05/02/25', '05/02/25', 1017, '5 PRSDB Square, EG1 2AE', 1, 'EG1 2AE'),
       (18, '05/02/25', '05/02/25', 1018, '6 PRSDB Square, EG1 2AF', 1, 'EG1 2AF'),
       (19, '05/02/25', '05/02/25', 1019, '7 PRSDB Square, EG1 2AG', 1, 'EG1 2AG'),
       (20, '05/02/25', '05/02/25', 1020, '8 PRSDB Square, EG1 2AH', 1, 'EG1 2AH'),
       (21, '05/02/25', '05/02/25', 1021, '9 PRSDB Square, EG1 2AI', 1, 'EG1 2AI'),
       (22, '05/02/25', '05/02/25', 1022, '10 PRSDB Square, EG1 2AJ', 1, 'EG1 2AJ'),
       (23, '05/02/25', '05/02/25', 1023, '11 PRSDB Square, EG1 2AK', 1, 'EG1 2AK'),
       (24, '05/02/25', '05/02/25', 1024, '12 PRSDB Square, EG1 2AL', 1, 'EG1 2AL'),
       (25, '05/02/25', '05/02/25', 1025, '13 PRSDB Square, EG1 2AM', 1, 'EG1 2AM'),
       (26, '05/02/25', '05/02/25', 1026, '14 PRSDB Square, EG1 2AN', 1, 'EG1 2AN'),
       (27, '05/02/25', '05/02/25', 1027, '15 PRSDB Square, EG1 2AO', 1, 'EG1 2AO'),
       (28, '05/02/25', '05/02/25', 1028, '16 PRSDB Square, EG1 2AP', 1, 'EG1 2AP'),
       (29, '05/02/25', '05/02/25', 1029, '17 PRSDB Square, EG1 2AQ', 1, 'EG1 2AQ'),
       (30, '05/02/25', '05/02/25', 1030, '18 PRSDB Square, EG1 2AR', 1, 'EG1 2AR'),
       (31, '05/02/25', '05/02/25', 1031, '19 PRSDB Square, EG1 2AS', 1, 'EG1 2AS'),
       (32, '05/02/25', '05/02/25', 1032, '20 PRSDB Square, EG1 2AT', 1, 'EG1 2AT'),
       (33, '05/02/25', '05/02/25', 1033, '21 PRSDB Square, EG1 2AU', 1, 'EG1 2AU'),
       (34, '05/02/25', '05/02/25', 1034, '22 PRSDB Square, EG1 2AV', 1, 'EG1 2AV'),
       (35, '05/02/25', '05/02/25', 1035, '23 PRSDB Square, EG1 2AW', 1, 'EG1 2AW'),
       (36, '05/02/25', '05/02/25', 1036, '24 PRSDB Way, EG1 2AX', 1, 'EG1 2AX'),
       (37, '05/02/25', '05/02/25', 1037, '25 PRSDB Way, EG1 2AY', 1, 'EG1 2AY'),
       (38, '05/02/25', '05/02/25', 1038, '26 PRSDB Way, EG1 2AZ', 1, 'EG1 2AZ');

INSERT INTO landlord (id, created_date, last_modified_date, registration_number_id, address_id, date_of_birth,
                      is_active, phone_number, subject_identifier, name, email, country_of_residence, is_verified, has_accepted_privacy_notice)
VALUES (1, '09/13/24', '09/13/24', 1, 1, '09/13/2000', true, 07111111111, 'urn:fdc:gov.uk:2022:UVWXY',
        'Alexander Smith', 'alex.surname@example.com', 'England or Wales', true, true),
       (2, '09/13/24', '09/13/24', 2, 2, '08/13/2001', true, 07111111111, 'urn:fdc:gov.uk:2022:ABCDE',
        'Evan Alenandrescu', 'unrelatedemail@test.com', 'England or Wales', true, true),
       (3, '09/13/24', '09/13/24', 3, 3, '07/13/1997', true, 07111111111, 'urn:fdc:gov.uk:2022:PQRST',
        'Alexandra Davies', 'alexandra.q.davies@example.com', 'England or Wales', true, true),
       (4, '09/13/24', '09/13/24', 4, 4, '06/13/1989', true, 07111111111,
        'urn:fdc:gov.uk:2022:07lXHJeQwE0k5PZO7w_PQF425vT8T7e63MrvyPYNSoI', 'Tobias Evans PRSDB',
        'tobyevans@test.com', 'England or Wales', true, true),
       (5, '09/13/24', '09/13/24', 5, 5, '05/13/1950', true, 07111111111,
        'urn:fdc:gov.uk:2022:mwfvbb5GgiDh0acjz9EDDQ7zwskWZzUSnWfavL70f6s', 'Margaret Mary Smith PRSDB',
        'mm.smith@test.com', 'England or Wales', true, true),
       (6, '12/19/24', '12/19/24', 7, 5, '06/13/1989', true, 07111111111,
        'urn:fdc:gov.uk:2022:mGHDySEVfCsvfvc6lVWf6Qt9Dv0ZxPQWKoEzcjnBlUo', 'PRSDB Landlord',
        'Team-PRSDB+landlord@softwire.com', 'England or Wales', true, true),
       (7, '01/15/25', '01/15/25', 6, 5, '06/13/1989', true, 0, 'urn:fdc:gov.uk:2022:FGHIJ', 'PRSDB',
        'test@example.com', 'England or Wales', true, true),
       (8, '01/15/25', '01/15/25', 8, 5, '06/13/1989', true, 0, 'urn:fdc:gov.uk:2022:A', 'PRSDB', 'test@example.com', 'England or Wales', true, true),
       (9, '01/15/25', '01/15/25', 9, 5, '06/13/1989', true, 0, 'urn:fdc:gov.uk:2022:B', 'PRSDB', 'test@example.com', 'England or Wales', true, true),
       (10, '01/15/25', '01/15/25', 10, 5, '06/13/1989', true, 0, 'urn:fdc:gov.uk:2022:C', 'PRSDB', 'test@example.com', 'England or Wales', true, true),
       (11, '01/15/25', '01/15/25', 11, 5, '06/13/1989', true, 0, 'urn:fdc:gov.uk:2022:D', 'PRSDB', 'test@example.com', 'England or Wales', true, true),
       (12, '01/15/25', '01/15/25', 12, 5, '06/13/1989', true, 0, 'urn:fdc:gov.uk:2022:E', 'PRSDB', 'test@example.com', 'England or Wales', true, true),
       (13, '01/15/25', '01/15/25', 13, 5, '06/13/1989', true, 0, 'urn:fdc:gov.uk:2022:F', 'PRSDB', 'test@example.com', 'England or Wales', true, true),
       (14, '01/15/25', '01/15/25', 14, 5, '06/13/1989', true, 0, 'urn:fdc:gov.uk:2022:G', 'PRSDB', 'test@example.com', 'England or Wales', true, true),
       (15, '01/15/25', '01/15/25', 15, 5, '06/13/1989', true, 0, 'urn:fdc:gov.uk:2022:H', 'PRSDB', 'test@example.com', 'England or Wales', true, true),
       (16, '01/15/25', '01/15/25', 16, 5, '06/13/1989', true, 0, 'urn:fdc:gov.uk:2022:I', 'PRSDB', 'test@example.com', 'England or Wales', true, true),
       (17, '01/15/25', '01/15/25', 17, 5, '06/13/1989', true, 0, 'urn:fdc:gov.uk:2022:J', 'PRSDB', 'test@example.com', 'England or Wales', true, true),
       (18, '01/15/25', '01/15/25', 18, 5, '06/13/1989', true, 0, 'urn:fdc:gov.uk:2022:K', 'PRSDB', 'test@example.com', 'England or Wales', true, true),
       (19, '01/15/25', '01/15/25', 19, 5, '06/13/1989', true, 0, 'urn:fdc:gov.uk:2022:L', 'PRSDB', 'test@example.com', 'England or Wales', true, true),
       (20, '01/15/25', '01/15/25', 20, 5, '06/13/1989', true, 0, 'urn:fdc:gov.uk:2022:M', 'PRSDB', 'test@example.com', 'England or Wales', true, true),
       (21, '01/15/25', '01/15/25', 21, 5, '06/13/1989', true, 0, 'urn:fdc:gov.uk:2022:N', 'PRSDB', 'test@example.com', 'England or Wales', true, true),
       (22, '01/15/25', '01/15/25', 22, 5, '06/13/1989', true, 0, 'urn:fdc:gov.uk:2022:O', 'PRSDB', 'test@example.com', 'England or Wales', true, true),
       (23, '01/15/25', '01/15/25', 23, 5, '06/13/1989', true, 0, 'urn:fdc:gov.uk:2022:P', 'PRSDB', 'test@example.com', 'England or Wales', true, true),
       (24, '01/15/25', '01/15/25', 24, 5, '06/13/1989', true, 0, 'urn:fdc:gov.uk:2022:Q', 'PRSDB', 'test@example.com', 'England or Wales', true, true),
       (25, '01/15/25', '01/15/25', 25, 5, '06/13/1989', true, 0, 'urn:fdc:gov.uk:2022:R', 'PRSDB', 'test@example.com', 'England or Wales', true, true),
       (26, '01/15/25', '01/15/25', 26, 5, '06/13/1989', true, 0, 'urn:fdc:gov.uk:2022:S', 'PRSDB', 'test@example.com', 'England or Wales', true, true),
       (27, '01/15/25', '01/15/25', 27, 5, '06/13/1989', true, 0, 'urn:fdc:gov.uk:2022:T', 'PRSDB', 'test@example.com', 'England or Wales', true, true),
       (28, '01/15/25', '01/15/25', 28, 5, '06/13/1989', true, 0, 'urn:fdc:gov.uk:2022:U', 'PRSDB', 'test@example.com', 'England or Wales', true, true),
       (29, '01/15/25', '01/15/25', 29, 5, '06/13/1989', true, 0, 'urn:fdc:gov.uk:2022:V', 'PRSDB', 'test@example.com', 'England or Wales', true, true),
       (30, '01/15/25', '01/15/25', 30, 5, '06/13/1989', true, 0, 'urn:fdc:gov.uk:2022:W', 'PRSDB', 'test@example.com', 'England or Wales', true, true),
       (31, '01/15/25', '01/15/25', 31, 5, '06/13/1989', true, 0, 'urn:fdc:gov.uk:2022:X', 'PRSDB', 'test@example.com', 'England or Wales', true, true),
       (32, '01/15/25', '01/15/25', 32, 5, '06/13/1989', true, 0, 'urn:fdc:gov.uk:2022:Y', 'PRSDB', 'test@example.com', 'England or Wales', true, true),
       (33, '01/15/25', '01/15/25', 33, 5, '06/13/1989', true, 0, 'urn:fdc:gov.uk:2022:Z', 'PRSDB', 'test@example.com', 'England or Wales', true, true);

INSERT INTO property (id, status, is_active, property_build_type, address_id)
VALUES (1, 1, true, 1, 6),
       (2, 1, true, 1, 7),
       (3, 1, true, 1, 8),
       (4, 1, true, 1, 9),
       (5, 1, true, 1, 10),
       (6, 1, false, 1, 11),
       (7, 1, true, 1, 12),
       (8, 1, true, 1, 13),
       (9, 1, true, 1, 14),
       (10, 1, true, 1, 15),
       (11, 1, true, 1, 16),
       (12, 1, true, 1, 17),
       (13, 1, true, 1, 18),
       (14, 1, true, 1, 19),
       (15, 1, true, 1, 20),
       (16, 1, true, 1, 21),
       (17, 1, true, 1, 22),
       (18, 1, true, 1, 23),
       (19, 1, true, 1, 24),
       (20, 1, true, 1, 25),
       (21, 1, true, 1, 26),
       (22, 1, true, 1, 27),
       (23, 1, true, 1, 28),
       (24, 1, true, 1, 29),
       (25, 1, true, 1, 30),
       (26, 1, true, 1, 31),
       (27, 1, true, 1, 32),
       (28, 1, true, 1, 33),
       (29, 1, true, 1, 34),
       (30, 1, true, 1, 35),
       (31, 1, true, 1, 36),
       (32, 1, true, 1, 37),
       (33, 1, true, 1, 38);

INSERT INTO license (id, license_type, license_number)
VALUES (1, 3, ''),
       (2, 0, 'L2'),
       (3, 1, 'L3');

INSERT INTO property_ownership (id, is_active, occupancy_type, ownership_type, current_num_households,
                                current_num_tenants,
                                registration_number_id, primary_landlord_id, property_id, created_date,
                                last_modified_date, license_id)
VALUES (1, true, 0, 1, 1, 2, 6, 1, 1, '01/15/25', '02/02/25', null),
       (2, false, 0,1, 1, 2, 34, 2, 2, '01/15/25', '01/15/25', null),
       (3, true, 0, 1, 1, 2, 35, 4, 3, '01/15/25', '01/15/25', null),
       (4, true, 0, 1, 1, 2, 36, 1, 4, '01/15/25', '01/15/25', null),
       (5, true, 0, 1, 1, 2, 37, 1, 5, '01/15/25', '01/15/25', null),
       (6, false, 0,1, 1, 2, 38, 1, 6, '01/15/25', '01/15/25', null),
       (7, true, 0, 1, 0, 0, 39, 1, 7, '02/02/25', '02/02/25', null),
       (8, true, 0, 1, 0, 0, 40, 1, 8, '05/02/25', '01/15/25', null),
       (9, true, 0, 1, 0, 0, 41, 1, 9, '05/02/25', '01/15/25', null),
       (10, true, 0, 1, 0, 0, 42, 1, 10, '05/02/25', '01/15/25', null),
       (11, true, 0, 1, 0, 0, 43, 1, 11, '05/02/25', '01/15/25', null),
       (12, true, 0, 1, 0, 0, 44, 1, 12, '05/02/25', '01/15/25', null),
       (13, true, 0, 1, 0, 0, 45, 1, 13, '05/02/25', '01/15/25', null),
       (14, true, 0, 1, 0, 0, 46, 1, 14, '05/02/25', '01/15/25', null),
       (15, true, 0, 1, 0, 0, 47, 1, 15, '05/02/25', '01/15/25', null),
       (16, true, 0, 1, 0, 0, 48, 1, 16, '05/02/25', '01/15/25', null),
       (17, true, 0, 1, 0, 0, 49, 1, 17, '05/02/25', '01/15/25', null),
       (18, true, 0, 1, 0, 0, 50, 1, 18, '05/02/25', '01/15/25', null),
       (19, true, 0, 1, 0, 0, 51, 1, 19, '05/02/25', '01/15/25', null),
       (20, true, 0, 1, 0, 0, 52, 1, 20, '05/02/25', '01/15/25', null),
       (21, true, 0, 1, 0, 0, 53, 1, 21, '05/02/25', '01/15/25', null),
       (22, true, 0, 1, 0, 0, 54, 1, 22, '05/02/25', '01/15/25', null),
       (23, true, 0, 1, 0, 0, 55, 1, 23, '05/02/25', '01/15/25', null),
       (24, true, 0, 1, 0, 0, 56, 1, 24, '05/02/25', '01/15/25', null),
       (25, true, 0, 1, 0, 0, 57, 1, 25, '05/02/25', '01/15/25', null),
       (26, true, 0, 1, 0, 0, 58, 1, 26, '05/02/25', '01/15/25', null),
       (27, true, 0, 1, 0, 0, 59, 1, 27, '05/02/25', '01/15/25', null),
       (28, true, 0, 1, 0, 0, 60, 1, 28, '05/02/25', '01/15/25', null),
       (29, true, 0, 1, 0, 0, 61, 1, 29, '05/02/25', '01/15/25', null),
       (30, true, 0, 1, 0, 0, 62, 1, 30, '05/02/25', '01/15/25', null),
       (31, true, 0, 1, 0, 0, 63, 1, 31, '05/02/25', '01/15/25', 1),
       (32, true, 0, 1, 0, 0, 64, 1, 32, '05/02/25', '01/15/25', 2),
       (33, true, 0, 1, 0, 0, 65, 1, 33, '05/02/25', '01/15/25', 3);
